employer_id,company_name,industry,country,signup_date
1,Daniels Group,Education,Italy,2025-03-25
2,"Kennedy, Anderson and Morton",Finance,Portugal,2025-03-25
3,Young PLC,Finance,Germany,2025-03-25
4,Moore-Wagner,Healthcare,Nigeria,2025-03-26
5,Graves PLC,Technology,Bolivia,2025-03-19
6,Cain Ltd,Education,Spain,2025-03-17
7,Harmon-Hansen,Education,Kenya,2025-03-20
8,Nichols-Baldwin,Education,Brazil,2025-03-25
9,"Brown, Hull and Reed",Technology,Argentina,2025-03-17
10,"Baker, Shelton and Chavez",Education,Brazil,2025-03-26
11,"Huerta, Black and Perez",Education,Brazil,2025-03-25
12,Williams Ltd,Finance,France,2025-03-23
13,Johnson LLC,Finance,Colombia,2025-03-29
14,Moore-Carpenter,Healthcare,Chile,2025-03-21
15,Lyons-Morgan,Finance,South Africa,2025-03-26
16,"Moore, Sullivan and Howard",Education,Mexico,2025-03-29
17,Bradley Group,Finance,Peru,2025-03-29
18,"Hendrix, Mason and Willis",Finance,United States,2025-03-29
19,"Beck, Faulkner and Fischer",Technology,Paraguay,2025-03-21
20,Thomas Ltd,Technology,Kenya,2025-03-16
21,Miller-Douglas,Finance,France,2025-03-19
22,"Garner, Ramsey and Weaver",Healthcare,Uruguay,2025-03-17
23,Allen Inc,Education,Bolivia,2025-03-23
24,"Murphy, Gonzalez and Smith",Technology,India,2025-03-19
25,"Murray, Henry and Taylor",Finance,Peru,2025-03-18
26,"Perry, Bell and Hood",Finance,Brazil,2025-03-17
27,Smith-Zuniga,Healthcare,Paraguay,2025-03-20
28,"Kim, Byrd and Mathis",Technology,Argentina,2025-03-25
29,Clements-Hawkins,Healthcare,Portugal,2025-03-19
30,Campbell and Sons,Education,France,2025-03-29
31,"Mitchell, Rios and Mahoney",Education,Bolivia,2025-03-21
32,Ramirez-Sandoval,Finance,Peru,2025-03-20
33,Goodman and Sons,Finance,Paraguay,2025-03-25
34,Ward Group,Healthcare,Bolivia,2025-03-25
35,Buchanan Group,Education,Portugal,2025-03-24
36,Stark-Matthews,Technology,Kenya,2025-03-16
37,Boyd-Reid,Technology,Paraguay,2025-03-26
38,"Huffman, Melton and Johnson",Education,Kenya,2025-03-27
39,"Hunt, Frederick and Lane",Healthcare,Spain,2025-03-29
40,Campos-Morrow,Finance,Turkey,2025-03-28
41,Reid Inc,Technology,Peru,2025-03-26
42,Leonard LLC,Finance,United Kingdom,2025-03-25
43,"Martin, Raymond and White",Technology,Greece,2025-03-29
44,"Adams, Dean and Brown",Finance,Mexico,2025-03-23
45,"Thomas, Roth and Anderson",Education,United Kingdom,2025-03-27
46,Smith Ltd,Technology,Bolivia,2025-03-15
47,Reed-Fowler,Healthcare,Italy,2025-03-22
48,Patrick-Lawson,Technology,Greece,2025-03-21
49,Mcdonald-Hayes,Finance,India,2025-03-21
50,"Fletcher, Rhodes and Copeland",Technology,United States,2025-03-17
51,Harrell Group,Healthcare,Chile,2025-03-24
52,Turner-Smith,Finance,Turkey,2025-03-22
53,Hernandez and Sons,Finance,Ecuador,2025-03-20
54,White PLC,Technology,Colombia,2025-03-26
55,"Davis, Green and Chavez",Education,Spain,2025-03-21
56,"Fritz, Johnson and Lewis",Technology,Paraguay,2025-03-25
57,Carrillo Inc,Technology,Uruguay,2025-03-23
58,Moreno-King,Finance,United Kingdom,2025-03-26
59,"Hernandez, Medina and Ramirez",Technology,Mexico,2025-03-16
60,"Thomas, Graham and Martinez",Finance,Bolivia,2025-03-15
61,"Saunders, Martin and Greene",Healthcare,Ecuador,2025-03-20
62,Elliott PLC,Finance,Turkey,2025-03-23
63,"George, Williamson and Collins",Finance,Uruguay,2025-03-18
64,Bates LLC,Finance,Argentina,2025-03-28
65,"Mcdonald, Haney and Kramer",Technology,Colombia,2025-03-17
66,"Hall, Pratt and Bright",Technology,Colombia,2025-03-28
67,"Smith, Case and Carpenter",Finance,Uruguay,2025-03-24
68,Mccoy PLC,Technology,South Africa,2025-03-24
69,"Davies, Watson and White",Healthcare,Turkey,2025-03-23
70,Crawford-Peterson,Finance,Portugal,2025-03-18
71,Sanchez and Sons,Technology,Peru,2025-03-27
72,Sullivan Group,Healthcare,Venezuela,2025-03-22
73,"Moore, Velez and Andersen",Finance,Kenya,2025-03-18
74,Brennan Ltd,Healthcare,Chile,2025-03-15
75,Long-Jackson,Technology,India,2025-03-15
76,"Allen, Roberts and Mayo",Education,United States,2025-03-15
77,Vaughn-Maxwell,Healthcare,Mexico,2025-03-18
78,"Dominguez, Johns and Sanchez",Education,France,2025-03-18
79,"Shields, Holland and Douglas",Technology,South Africa,2025-03-21
80,"Lopez, Hart and Dunn",Technology,Turkey,2025-03-15
81,Collins Ltd,Healthcare,Uruguay,2025-03-16
82,"Dunn, Powers and Ward",Education,Nigeria,2025-03-16
83,"Wilson, Rios and Lopez",Technology,Mexico,2025-03-27
84,Christensen-Brown,Technology,United Kingdom,2025-03-23
85,"Wells, Gibson and Hansen",Technology,Mexico,2025-03-28
86,"Williams, Bradshaw and Wilson",Technology,Paraguay,2025-03-17
87,Young and Sons,Healthcare,Peru,2025-03-18
88,"Smith, Bailey and Hardy",Finance,United Kingdom,2025-03-27
89,Baldwin-Middleton,Education,Uruguay,2025-03-24
90,Brewer PLC,Healthcare,Argentina,2025-03-22
91,Hunter and Sons,Finance,Germany,2025-03-18
92,Peterson Group,Education,Argentina,2025-03-28
93,Mays-Newman,Healthcare,Mexico,2025-03-22
94,"Rogers, Delacruz and Stewart",Finance,Spain,2025-03-26
95,Burns-Smith,Healthcare,Peru,2025-03-19
96,Santos Inc,Technology,Chile,2025-03-20
97,Pierce Inc,Healthcare,Greece,2025-03-28
98,Kidd-Cook,Healthcare,United States,2025-03-25
99,Alexander-King,Technology,United Kingdom,2025-03-16
100,Kim-Gray,Healthcare,United Kingdom,2025-03-21
101,"Anderson, Cox and Collins",Education,Greece,2025-03-26
102,Sherman LLC,Technology,Spain,2025-03-17
103,"Green, Mills and Ramos",Finance,Venezuela,2025-03-28
104,"Martinez, Wiggins and Mendez",Healthcare,Spain,2025-03-25
105,Smith LLC,Healthcare,Colombia,2025-03-16
106,Heath-Woodward,Finance,Ecuador,2025-03-15
107,Obrien-Nguyen,Technology,Greece,2025-03-18
108,"Johnson, Hickman and Hurst",Education,Nigeria,2025-03-21
109,Adkins and Sons,Technology,United States,2025-03-17
110,"Cook, Warren and Nelson",Technology,Nigeria,2025-03-17
111,"Nelson, Donovan and Johnson",Technology,United Kingdom,2025-03-25
112,Carr-Harrison,Finance,Brazil,2025-03-18
113,Brown LLC,Technology,United Kingdom,2025-03-18
114,"Mckenzie, Garcia and Green",Technology,Greece,2025-03-29
115,"Schwartz, Lee and Ellis",Technology,Turkey,2025-03-23
116,Vargas and Sons,Finance,Bolivia,2025-03-16
117,Gray-Ward,Education,Chile,2025-03-20
118,James-Herrera,Technology,Kenya,2025-03-29
119,Dudley LLC,Finance,Chile,2025-03-29
120,"Smith, Williams and Schneider",Technology,Mexico,2025-03-25
121,"Pruitt, Craig and Daniel",Healthcare,Turkey,2024-10-25
122,Serrano Group,Education,Mexico,2024-12-10
123,"Ball, Harris and Hood",Technology,Brazil,2024-10-11
124,Armstrong-Pennington,Technology,Peru,2025-02-04
125,"Burns, Chapman and Burns",Finance,Chile,2024-11-02
126,Delgado-Roberts,Healthcare,Uruguay,2024-10-08
127,Ruiz-Hall,Education,Argentina,2025-01-08
128,Webb Ltd,Education,Argentina,2025-01-24
129,Mclaughlin LLC,Education,Ecuador,2025-01-13
130,Castillo-Bonilla,Technology,Mexico,2024-09-12
131,"Aguilar, Castro and Sellers",Finance,Venezuela,2025-02-24
132,Mills LLC,Education,Venezuela,2024-09-23
133,Reeves Inc,Healthcare,India,2025-03-04
134,Davis-Lawrence,Education,France,2024-11-22
135,Martinez-Bradley,Education,India,2025-03-07
136,Richmond-Harris,Healthcare,Argentina,2025-02-24
137,Scott Inc,Healthcare,Peru,2024-09-11
138,Chang-Dennis,Healthcare,Brazil,2025-02-03
139,Lewis-Patterson,Education,Colombia,2024-10-29
140,"Fuller, Berry and Choi",Finance,India,2025-02-05
141,Swanson Group,Healthcare,Peru,2025-02-01
142,"Richardson, Gray and George",Healthcare,Colombia,2024-11-19
143,"Allen, Smith and Mitchell",Finance,Venezuela,2024-12-08
144,"Gordon, Watson and Williams",Technology,Nigeria,2024-11-24
145,Mitchell Group,Healthcare,Uruguay,2024-10-28
146,Brooks Group,Healthcare,Greece,2025-02-24
147,"Espinoza, Hudson and Ward",Education,Italy,2025-02-04
148,Parker Ltd,Finance,Germany,2025-01-12
149,"Logan, Williams and Martinez",Technology,Ecuador,2024-09-08
150,"Jones, Collins and Davidson",Healthcare,Germany,2024-12-09
151,Green and Sons,Healthcare,Brazil,2025-01-02
152,Elliott-Osborne,Healthcare,Ecuador,2024-10-15
153,Thompson-Davis,Technology,Germany,2024-10-16
154,"Morales, Williams and Ochoa",Finance,Bolivia,2025-03-08
155,"Farley, Lang and Jordan",Education,Portugal,2025-02-12
156,Petersen Inc,Healthcare,France,2024-12-04
157,Gregory-Hernandez,Technology,Argentina,2024-09-18
158,Thompson Inc,Finance,Argentina,2025-02-19
159,Lewis-Calhoun,Technology,United Kingdom,2024-10-31
160,Schroeder-King,Finance,Chile,2025-03-04
161,White-Anthony,Healthcare,France,2024-12-28
162,Sullivan Ltd,Healthcare,Spain,2025-03-04
163,"Martinez, Jones and Lucero",Healthcare,Portugal,2024-09-22
164,Brown LLC,Healthcare,Uruguay,2025-02-02
165,Kerr LLC,Healthcare,Bolivia,2025-02-28
166,Hawkins Group,Healthcare,Spain,2025-01-18
167,"Long, Keller and Robinson",Finance,Italy,2025-02-24
168,Brown Ltd,Technology,Mexico,2024-11-02
169,Turner-Young,Finance,Nigeria,2024-12-12
170,Harvey Inc,Finance,Argentina,2025-02-28
171,Guzman-Hawkins,Education,Paraguay,2024-11-18
172,"Schmidt, Ford and Powell",Healthcare,Venezuela,2025-01-17
173,Richard PLC,Education,Portugal,2025-02-26
174,Barnes-Douglas,Technology,Turkey,2024-09-24
175,Wilson PLC,Healthcare,Turkey,2025-02-06
176,Nguyen-Foster,Education,South Africa,2025-01-12
177,Byrd-Liu,Finance,Ecuador,2024-12-23
178,Perkins and Sons,Healthcare,Colombia,2025-02-12
179,Alvarez-Khan,Education,Greece,2024-09-04
180,"Jones, Reynolds and Warren",Healthcare,Chile,2025-01-12
181,Reyes-Edwards,Education,Brazil,2024-12-04
182,Barron Group,Technology,Uruguay,2024-09-21
183,Murray LLC,Technology,Peru,2024-11-14
184,"Alexander, Townsend and Gilbert",Technology,Colombia,2025-02-06
185,"Colon, Reyes and Jackson",Finance,Portugal,2024-12-25
186,Ramos Group,Finance,Ecuador,2024-10-10
187,"Bell, Gay and Powell",Finance,Kenya,2024-12-02
188,Sanford-Mitchell,Technology,Colombia,2025-02-24
189,Kelley-Harrison,Healthcare,Chile,2025-01-02
190,Rivas-Thomas,Technology,Portugal,2024-09-26
191,"Freeman, Farmer and Montgomery",Education,Greece,2024-10-16
192,"Thompson, Miller and Peterson",Technology,Ecuador,2024-12-20
193,"Rose, Li and Campbell",Education,Greece,2025-03-12
194,"Washington, Moore and Cabrera",Healthcare,France,2024-10-21
195,Taylor PLC,Education,Peru,2024-12-26
196,Cox Ltd,Finance,India,2024-09-19
197,"Aguirre, Weeks and Mills",Finance,Mexico,2025-03-08
198,Todd and Sons,Healthcare,Colombia,2024-11-01
199,Griffin-Barnes,Finance,Uruguay,2025-01-02
200,"Evans, Olsen and Rivas",Finance,Kenya,2024-09-24
201,"Brown, Golden and Gonzales",Healthcare,United States,2024-11-23
202,Adams-Mcdonald,Technology,Paraguay,2025-02-18
203,Carpenter-Pugh,Finance,France,2024-11-10
204,Scott-Frazier,Healthcare,Nigeria,2024-10-20
205,"Sullivan, Mason and Miller",Healthcare,United Kingdom,2024-12-26
206,Barry Inc,Technology,Chile,2024-10-23
207,Smith Ltd,Education,Greece,2024-09-11
208,"Moore, Bradford and English",Finance,Paraguay,2025-02-22
209,Moore-Vincent,Technology,Mexico,2024-11-13
210,"Jackson, Garcia and Briggs",Finance,Peru,2025-02-07
211,Johnson-Fernandez,Finance,Greece,2024-10-26
212,Smith Group,Finance,Portugal,2024-09-26
213,Montgomery PLC,Education,Germany,2024-11-03
214,"Reese, Clark and Cunningham",Technology,Spain,2024-11-05
215,"Johnson, Stone and Pratt",Healthcare,Mexico,2024-10-02
216,Nelson-Horn,Technology,Chile,2025-02-04
217,"Cisneros, Diaz and Zimmerman",Education,France,2025-01-26
218,Reynolds PLC,Education,Mexico,2024-10-11
219,"Campbell, Hawkins and Nguyen",Finance,Greece,2024-11-05
220,Smith-Aguirre,Healthcare,India,2024-11-03
221,"Juarez, Webster and Carey",Finance,Argentina,2025-02-03
222,"Perez, Best and Ward",Finance,Peru,2025-02-09
223,Blankenship-Randall,Healthcare,France,2025-01-09
224,Navarro-Costa,Technology,Bolivia,2024-10-27
225,Turner-Pearson,Finance,Greece,2024-12-26
226,Watson-Cannon,Finance,Turkey,2025-01-02
227,Murphy Ltd,Healthcare,India,2024-10-30
228,Bauer and Sons,Technology,Colombia,2024-11-07
229,"Stephenson, Carlson and Hayes",Finance,United Kingdom,2024-12-20
230,Rich-Collins,Finance,United States,2024-10-03
231,Atkinson-Sims,Technology,Ecuador,2024-10-10
232,Ward-Harris,Technology,Italy,2024-12-02
233,"Pham, Adams and Garza",Education,Greece,2025-02-17
234,Henry-Nixon,Education,India,2025-03-06
235,"Clark, Morris and Morris",Technology,United Kingdom,2025-01-31
236,Smith Inc,Education,Colombia,2024-10-02
237,Bennett PLC,Technology,Portugal,2024-12-13
238,Matthews PLC,Education,Kenya,2024-11-15
239,"Wilson, Kramer and Wilcox",Technology,Nigeria,2024-12-18
240,Dickerson and Sons,Finance,Nigeria,2025-01-05
241,Cummings Ltd,Technology,France,2024-11-29
242,Davis-Moore,Technology,Portugal,2024-10-17
243,Thornton Inc,Healthcare,Brazil,2025-02-10
244,"Russell, Wilkinson and Evans",Education,India,2024-12-30
245,Hutchinson Group,Finance,Portugal,2024-10-23
246,"Smith, Walls and Wilson",Technology,Mexico,2024-12-09
247,"Diaz, Frederick and Hunter",Healthcare,Portugal,2025-02-15
248,"Allen, Copeland and Figueroa",Finance,Germany,2025-02-04
249,Wilson Ltd,Education,United States,2025-02-09
250,Harris Inc,Healthcare,Germany,2024-12-23
251,Cook-Marks,Technology,United States,2024-10-09
252,Singleton-Smith,Education,Mexico,2025-01-07
253,Patterson PLC,Healthcare,Chile,2025-01-01
254,Sloan PLC,Technology,Greece,2024-12-23
255,Smith-Simpson,Technology,Germany,2024-09-30
256,Diaz Group,Healthcare,Paraguay,2024-10-19
257,Page Ltd,Finance,Ecuador,2024-09-26
258,"Hernandez, Ramirez and Hill",Education,Uruguay,2024-11-04
259,Ashley-Brown,Education,Spain,2025-01-03
260,Riggs Ltd,Finance,Ecuador,2025-03-08
261,Martin Ltd,Technology,Mexico,2024-10-19
262,"Anderson, Glenn and Vang",Healthcare,Venezuela,2025-03-14
263,"Jones, York and Mathews",Technology,South Africa,2024-12-20
264,"Obrien, Lewis and Griffith",Technology,Venezuela,2024-12-18
265,Wilson-Villarreal,Technology,Mexico,2024-10-18
266,Perry LLC,Healthcare,South Africa,2024-12-09
267,Reeves Ltd,Finance,Kenya,2024-09-16
268,Jackson PLC,Technology,Italy,2025-02-25
269,Sloan-Rowe,Healthcare,Nigeria,2024-11-18
270,French Inc,Education,Brazil,2025-01-06
271,Alvarez-Singleton,Healthcare,Kenya,2025-02-19
272,Taylor Group,Finance,United States,2024-10-10
273,Oneill-Carroll,Finance,Spain,2025-02-18
274,West-Hart,Finance,Brazil,2024-09-12
275,Ortega Inc,Healthcare,Mexico,2024-10-08
276,"Robinson, Woods and Castillo",Technology,Mexico,2024-12-14
277,Murray and Sons,Finance,Peru,2025-02-01
278,Bullock LLC,Technology,Colombia,2025-02-19
279,Sanchez Inc,Finance,Brazil,2024-11-27
280,Hayes-Nunez,Finance,Germany,2024-11-07
281,"Wyatt, Turner and Juarez",Finance,Brazil,2024-09-02
282,"Mccarty, Pena and Allen",Education,United States,2025-01-08
283,Pittman and Sons,Education,Mexico,2024-09-22
284,Martin Inc,Education,Turkey,2024-09-28
285,Shaw and Sons,Healthcare,Peru,2024-09-30
286,"Reid, Bell and Flowers",Education,France,2024-10-01
287,Howell-Simpson,Education,Argentina,2024-09-22
288,"Evans, Hoover and Fox",Technology,United States,2025-01-07
289,"Holt, Smith and Lucero",Finance,Italy,2024-10-16
290,"Smith, Saunders and Hansen",Finance,Mexico,2025-01-10
291,"Davis, Case and Everett",Healthcare,Uruguay,2024-12-02
292,"Hopkins, Robinson and Lawrence",Education,Portugal,2025-02-12
293,"Castro, Jones and Smith",Education,Turkey,2025-02-07
294,Jones-Blackwell,Education,Colombia,2024-12-30
295,Contreras-Robinson,Technology,Nigeria,2025-03-06
296,Baxter-Jones,Healthcare,Nigeria,2025-01-29
297,Gray-Martin,Technology,Uruguay,2024-11-15
298,"Hamilton, Alvarez and Morris",Technology,Turkey,2024-11-21
299,Simmons-Hernandez,Technology,United Kingdom,2024-12-31
300,Allen Ltd,Healthcare,Portugal,2024-09-29
301,Rhodes PLC,Finance,Spain,2024-11-26
302,Castaneda-Coffey,Healthcare,Greece,2024-10-28
303,"Nash, King and Dalton",Education,Chile,2024-11-25
304,"Ellis, Carter and Bowen",Finance,Colombia,2024-12-12
305,Neal Ltd,Education,Peru,2024-09-26
306,Brennan-Ford,Healthcare,Bolivia,2024-10-07
307,"Davis, Ibarra and Dyer",Healthcare,South Africa,2024-12-31
308,"Fisher, Nelson and Baker",Healthcare,Mexico,2025-02-03
309,Phillips Group,Technology,Argentina,2025-01-18
310,Wheeler-Gibbs,Finance,Paraguay,2025-03-14
311,"Gonzales, Lara and May",Technology,Germany,2025-03-07
312,Calhoun Ltd,Education,Kenya,2025-03-11
313,Young-Scott,Education,India,2024-12-29
314,Miller-Holland,Healthcare,India,2024-11-12
315,"Thomas, Burke and Foster",Finance,Venezuela,2024-09-16
316,"Powers, Montes and Krueger",Finance,Portugal,2024-11-12
317,Mccoy-Salinas,Technology,Colombia,2025-03-05
318,Knapp-Perez,Finance,Bolivia,2025-02-27
319,"Smith, Daniels and James",Healthcare,Italy,2024-09-28
320,Bailey-Garcia,Education,Greece,2024-11-21
321,"Cook, Hudson and Smith",Healthcare,Colombia,2024-12-03
322,Gibson Group,Technology,Spain,2025-02-27
323,"Porter, Weaver and Jones",Education,Kenya,2024-11-29
324,"Owen, Hernandez and Stokes",Technology,Mexico,2025-02-22
325,Phillips-Cole,Technology,United States,2025-01-18
326,"Obrien, White and White",Finance,Paraguay,2024-09-12
327,"Simon, Wallace and Murphy",Finance,Kenya,2024-12-18
328,"Barnett, Medina and Webb",Finance,Spain,2025-01-18
329,Kramer Ltd,Finance,Mexico,2024-12-16
330,Allen LLC,Healthcare,Paraguay,2024-09-28
331,Pittman-Santiago,Finance,India,2025-02-14
332,Weaver-Alvarado,Education,South Africa,2025-01-13
333,Wilson PLC,Finance,Portugal,2024-12-20
334,"Stephenson, Forbes and Moore",Education,Italy,2024-11-11
335,"Schneider, Smith and Sexton",Technology,Italy,2024-12-30
336,Green-Leach,Technology,Nigeria,2024-12-21
337,Lopez-Zuniga,Finance,Argentina,2025-02-13
338,"Woods, Hancock and Aguilar",Education,South Africa,2024-09-08
339,Castillo-Cross,Technology,Kenya,2024-12-26
340,Peterson and Sons,Finance,Chile,2025-01-01
341,"Edwards, Stephens and Young",Finance,Paraguay,2024-10-07
342,"Haynes, Barnes and Ellis",Technology,Greece,2025-02-16
343,Davis-Ali,Education,Turkey,2024-11-15
344,Thomas-Martinez,Technology,Paraguay,2025-02-08
345,"Gillespie, Russell and Arroyo",Finance,Chile,2025-01-31
346,Wyatt-Castillo,Finance,Kenya,2024-11-29
347,"Holloway, Zimmerman and Nixon",Education,Paraguay,2024-11-15
348,Perry-Goodman,Finance,Argentina,2024-11-24
349,"Harris, Gordon and Lozano",Technology,India,2025-02-05
350,Lyons PLC,Finance,Kenya,2025-01-18
351,"Young, Ho and Edwards",Finance,Brazil,2025-01-16
352,"Myers, Wallace and Campbell",Education,Paraguay,2025-01-20
353,Castillo-Espinoza,Technology,Argentina,2024-09-06
354,Lyons LLC,Finance,United States,2024-11-19
355,Dixon Group,Healthcare,Bolivia,2024-12-30
356,"Frederick, Roman and Williams",Healthcare,Portugal,2025-01-29
357,Williams-Mcmillan,Education,Colombia,2025-03-05
358,"Sullivan, Chavez and Wilkins",Education,Spain,2025-01-29
359,"Byrd, Becker and Brooks",Technology,Kenya,2025-02-23
360,"Adams, Hernandez and Dickerson",Finance,Ecuador,2024-09-07
361,Thompson-Garrett,Education,Italy,2024-12-17
362,Petty-Kelly,Education,Ecuador,2024-11-11
363,"Burton, Davis and Rodriguez",Education,Venezuela,2025-02-13
364,"Hogan, Hayden and Barnes",Education,United Kingdom,2025-02-19
365,Anderson-Melton,Technology,South Africa,2024-11-17
366,Larson-Vargas,Healthcare,Portugal,2025-02-11
367,"Hart, Stevens and Orozco",Healthcare,South Africa,2024-10-14
368,"Henry, Kennedy and Conner",Technology,Chile,2024-09-13
369,Galvan Inc,Healthcare,Uruguay,2024-10-16
370,"George, Coleman and Smith",Healthcare,Colombia,2025-02-11
371,Fisher-Wiley,Technology,France,2024-12-17
372,"White, Johnson and Moon",Technology,Peru,2024-09-23
373,"Morris, Jones and Bradford",Education,United Kingdom,2025-02-14
374,Hoffman Ltd,Healthcare,Uruguay,2024-12-15
375,"Barr, Roberts and Contreras",Finance,Ecuador,2024-11-04
376,"Martin, Wong and Williams",Technology,Peru,2024-10-11
377,Anderson-Castro,Finance,Italy,2025-01-22
378,"Rivera, Smith and Wilson",Finance,Italy,2024-09-16
379,"Howe, Miller and Crawford",Education,Paraguay,2024-11-12
380,"Nichols, Colon and Reynolds",Technology,Kenya,2025-02-03
381,Jones-Coffey,Finance,Mexico,2025-02-14
382,"Miller, Jones and Stokes",Technology,Brazil,2025-01-12
383,Santos Inc,Finance,Argentina,2024-09-25
384,Ferguson Inc,Education,Turkey,2025-01-17
385,Walker LLC,Education,Portugal,2025-01-15
386,Hall-Berry,Education,Italy,2025-03-11
387,Wolf PLC,Finance,United States,2024-09-18
388,Scott-Fisher,Education,Spain,2024-10-16
389,"Lee, Barnett and Lambert",Healthcare,Ecuador,2024-10-25
390,Mcdaniel Group,Technology,Mexico,2025-01-14
391,Price-Steele,Education,Ecuador,2025-01-07
392,Calhoun-Miller,Technology,Paraguay,2024-12-08
393,Lin-Dixon,Finance,Venezuela,2024-11-14
394,White-Douglas,Healthcare,Ecuador,2025-01-19
395,"Torres, Gonzalez and Walsh",Finance,United Kingdom,2025-02-13
396,Nelson PLC,Finance,Colombia,2024-09-07
397,Smith Group,Education,Kenya,2024-10-19
398,Hernandez-Wolfe,Healthcare,Uruguay,2024-10-11
399,Rivas-Taylor,Finance,Turkey,2025-01-29
400,"Adkins, Dean and Tran",Education,Portugal,2024-09-03
401,Cook LLC,Technology,Argentina,2025-03-07
402,Brown PLC,Education,Italy,2024-10-06
403,White-Long,Education,Chile,2025-01-23
404,"Rojas, Greer and Cook",Healthcare,Mexico,2025-01-12
405,Montoya Group,Education,Argentina,2024-10-13
406,Gonzalez Group,Education,Greece,2024-12-06
407,Daniels-Edwards,Finance,Kenya,2025-03-15
408,Lewis LLC,Education,Germany,2025-03-05
409,Haynes and Sons,Technology,France,2025-02-20
410,Williams-Carlson,Healthcare,Turkey,2024-11-06
411,Williams Inc,Education,Nigeria,2024-10-02
412,Hawkins-Wallace,Finance,Uruguay,2024-10-18
413,Williams LLC,Education,Nigeria,2024-10-13
414,Hunter and Sons,Healthcare,Paraguay,2024-09-16
415,"Miller, Brock and Anderson",Education,France,2024-09-16
416,"Clay, Dudley and Welch",Healthcare,Brazil,2024-12-08
417,"Beck, Anderson and Nguyen",Healthcare,Chile,2025-02-28
418,"Shelton, Mcintyre and Mcintosh",Education,Paraguay,2024-12-05
419,Cooper-Bray,Education,Brazil,2024-12-01
420,Nguyen LLC,Finance,Ecuador,2025-02-18
421,Bentley LLC,Education,Kenya,2024-10-19
422,Walker-Thompson,Finance,France,2024-10-05
423,Vega LLC,Technology,Germany,2024-12-28
424,Young-Chapman,Technology,South Africa,2024-10-22
425,Brown-Sheppard,Healthcare,Ecuador,2025-01-08
426,Houston PLC,Education,Portugal,2024-10-13
427,Baker Inc,Education,Paraguay,2024-10-05
428,Griffin-Parrish,Technology,Nigeria,2025-01-16
429,Bauer-Harris,Healthcare,Portugal,2024-12-22
430,"Harding, Torres and Mejia",Technology,Peru,2025-02-01
431,Dickerson LLC,Finance,Germany,2025-02-15
432,Jordan-Oconnor,Education,Bolivia,2025-03-11
433,"Johnson, Mcgrath and Miller",Finance,Colombia,2024-10-22
434,"Underwood, Watson and Randall",Technology,Greece,2024-09-20
435,Williams-Allen,Education,Venezuela,2025-02-09
436,"Ortiz, Young and Christensen",Finance,India,2025-01-29
437,"Smith, Thompson and Campbell",Technology,Mexico,2024-09-15
438,Perkins-Johnson,Education,Italy,2024-09-12
439,Silva Ltd,Healthcare,Greece,2024-11-15
440,"Michael, Jones and Bonilla",Healthcare,Peru,2025-01-26
441,"Weaver, Delgado and Delacruz",Finance,Nigeria,2024-12-19
442,"Wyatt, Lopez and Morris",Technology,Nigeria,2025-01-27
443,"Odonnell, Morgan and Ellis",Finance,Kenya,2024-12-07
444,Montoya LLC,Finance,India,2025-03-01
445,Berg-Jones,Healthcare,Germany,2024-11-24
446,Schmidt Inc,Technology,United Kingdom,2025-03-13
447,"Cruz, Joyce and Shannon",Healthcare,Portugal,2025-03-13
448,"Adams, Gardner and Castillo",Education,Argentina,2025-02-10
449,Martin-Randolph,Education,Mexico,2024-09-17
450,"Frederick, Stout and Aguilar",Technology,Chile,2024-11-07
451,Nixon-Nichols,Finance,Italy,2024-12-21
452,"Warren, Trujillo and Daniels",Healthcare,Portugal,2025-02-01
453,Green-Jones,Technology,Germany,2024-12-11
454,"Woods, Cooper and Thomas",Healthcare,Nigeria,2025-02-21
455,"Savage, Walker and Lopez",Education,Uruguay,2025-02-20
456,Melton-Wade,Finance,Portugal,2024-10-31
457,Gibson-Castaneda,Technology,Bolivia,2024-10-17
458,Turner-Mayer,Healthcare,Turkey,2024-10-27
459,Anderson and Sons,Finance,Venezuela,2024-11-18
460,Gordon-Spears,Finance,Turkey,2024-11-29
461,Dodson-Perry,Education,Paraguay,2024-12-16
462,"Moreno, Juarez and Mcbride",Education,Argentina,2024-10-31
463,"Maxwell, Munoz and Lewis",Education,Brazil,2024-11-13
464,Woodard-Hoover,Finance,Turkey,2024-11-11
465,Foster Ltd,Education,Italy,2024-10-27
466,Brown Group,Technology,Italy,2024-09-26
467,Morales-Obrien,Education,Greece,2024-12-18
468,Wilson PLC,Education,Portugal,2024-12-14
469,Jones-Richards,Education,Bolivia,2024-10-22
470,"Forbes, Duarte and Mccann",Technology,Ecuador,2025-03-05
471,Russell-Taylor,Finance,Colombia,2024-11-22
472,Gilmore Inc,Technology,Venezuela,2025-02-09
473,"Bates, Lopez and Schultz",Technology,France,2025-02-26
474,Myers and Sons,Healthcare,India,2024-12-12
475,Ellison and Sons,Technology,India,2024-10-20
476,Jones-Smith,Education,Chile,2024-09-14
477,Thomas-Stone,Technology,Peru,2024-12-06
478,Lee-Vargas,Technology,Peru,2024-12-04
479,Hill-Reilly,Healthcare,Chile,2024-10-05
480,Riggs-Hampton,Healthcare,India,2024-12-14
481,Williamson-Hancock,Healthcare,Germany,2024-12-09
482,Robinson PLC,Finance,Greece,2025-03-14
483,Sloan-Hunt,Finance,Paraguay,2024-12-17
484,Mccullough-Reed,Healthcare,Germany,2025-02-24
485,"Frey, Davies and Weaver",Healthcare,Ecuador,2024-12-12
486,"Thompson, Parker and Hayes",Healthcare,India,2025-03-01
487,"Bailey, Bell and Smith",Technology,Italy,2025-02-06
488,Smith-Sosa,Technology,United Kingdom,2024-09-25
489,Maxwell-Vega,Technology,Venezuela,2024-10-01
490,Bell-Lewis,Education,Bolivia,2025-02-09
491,Page-Hoffman,Healthcare,Italy,2024-12-09
492,Valdez-Gordon,Finance,Bolivia,2024-10-11
493,Cooper Group,Healthcare,Argentina,2024-09-17
494,Hanna-Phillips,Education,Portugal,2024-09-26
495,"Bradshaw, Kent and Johnston",Finance,Paraguay,2024-09-17
496,"Hernandez, Williams and Castillo",Technology,Kenya,2025-03-02
497,Whitney-Patterson,Technology,Chile,2024-10-17
498,Valdez and Sons,Education,Brazil,2024-11-06
499,Robinson-Boyd,Finance,Chile,2025-01-16
500,"Phillips, Bennett and Pruitt",Finance,United Kingdom,2024-12-11
501,Rodriguez Ltd,Healthcare,Kenya,2024-09-14
502,"Leon, Montgomery and Johnson",Healthcare,Portugal,2025-01-13
503,Guerra Ltd,Finance,Greece,2025-01-28
504,"Sanchez, Cortez and Delacruz",Finance,Germany,2024-11-13
505,Byrd Inc,Healthcare,United States,2025-01-07
506,Massey-Joseph,Finance,Turkey,2025-01-18
507,Griffith-Lopez,Finance,Peru,2025-01-28
508,Ewing Group,Technology,Nigeria,2024-11-17
509,Hill-Holmes,Finance,Greece,2024-12-26
510,Long-Martin,Education,Uruguay,2025-02-04
511,"Davis, Parker and Hunter",Finance,Uruguay,2024-10-31
512,Clarke-Harrell,Technology,Colombia,2024-12-02
513,Velasquez-Wade,Healthcare,Bolivia,2024-11-01
514,Lane-Cook,Healthcare,Colombia,2025-01-21
515,Orr-Crawford,Education,Turkey,2024-09-26
516,Edwards PLC,Healthcare,Spain,2025-01-28
517,Bowers-Munoz,Finance,Bolivia,2024-09-23
518,"Garza, Sullivan and Carter",Technology,France,2024-11-17
519,"Houston, Craig and Crosby",Education,Peru,2025-01-20
520,Murray PLC,Healthcare,Argentina,2024-10-24
521,"Williams, Johnson and Kim",Healthcare,Paraguay,2024-10-19
522,Todd-Snyder,Healthcare,Kenya,2025-01-07
523,Lamb LLC,Finance,United Kingdom,2024-09-27
524,Case PLC,Finance,Spain,2024-10-19
525,Webster-Davis,Technology,Brazil,2024-09-28
526,Preston Inc,Healthcare,Uruguay,2024-12-23
527,Singleton and Sons,Education,Bolivia,2025-01-10
528,"Jackson, Wilson and Rodriguez",Finance,Bolivia,2025-02-12
529,"West, Stevens and James",Education,Spain,2024-10-31
530,Murphy Inc,Finance,Turkey,2025-01-26
531,"Francis, Taylor and Forbes",Technology,Chile,2024-10-29
532,"Lewis, Sweeney and Wells",Finance,Greece,2025-02-23
533,"Rodriguez, Fernandez and Payne",Education,Venezuela,2025-01-26
534,Salinas PLC,Finance,Ecuador,2024-10-16
535,Barker and Sons,Education,Spain,2024-11-08
536,Harris-Morris,Technology,Ecuador,2024-09-08
537,"Nelson, Goodman and Savage",Finance,Italy,2024-12-02
538,Morales-Warren,Education,Germany,2024-11-04
539,Hughes LLC,Finance,Italy,2024-12-07
540,Nicholson LLC,Education,Colombia,2024-10-13
541,Ramirez LLC,Healthcare,Bolivia,2025-03-11
542,Silva-Brown,Technology,Peru,2024-11-20
543,Castillo and Sons,Finance,India,2025-02-28
544,"Shields, Gilbert and Roberts",Healthcare,Uruguay,2025-02-27
545,Wilson-Banks,Technology,Peru,2024-11-20
546,Prince-Cardenas,Education,Chile,2025-01-12
547,Riley-Hayes,Education,South Africa,2024-09-14
548,Roberts-Chambers,Technology,Nigeria,2025-01-22
549,"Hunt, Klein and Lee",Finance,France,2024-09-23
550,Wolf-Powell,Finance,United States,2024-09-17
551,Rivera-Perry,Technology,Spain,2025-02-11
552,Martinez-Wright,Finance,Germany,2025-01-02
553,"Wilson, Livingston and Martinez",Education,Spain,2025-03-10
554,Mason PLC,Finance,United Kingdom,2024-09-05
555,Durham-Young,Finance,Peru,2025-01-29
556,Gardner PLC,Education,United States,2025-03-02
557,Perry Inc,Healthcare,Portugal,2025-01-04
558,"Reid, Owens and Young",Technology,United Kingdom,2024-09-11
559,"Mcdonald, Mathis and Larsen",Finance,Ecuador,2024-09-06
560,Carpenter LLC,Technology,Bolivia,2024-09-12
561,Randall LLC,Healthcare,Nigeria,2024-11-07
562,"Weaver, Frazier and Carlson",Finance,Mexico,2024-09-18
563,David PLC,Technology,Bolivia,2025-02-18
564,Weber Inc,Education,Colombia,2025-03-05
565,"Richards, Terry and Luna",Healthcare,Ecuador,2024-11-07
566,Gonzales-Carpenter,Finance,France,2024-10-03
567,Williams and Sons,Technology,France,2024-09-19
568,Bond Ltd,Technology,Peru,2025-01-25
569,Richardson-Clark,Finance,Bolivia,2024-10-08
570,Hansen PLC,Education,South Africa,2025-01-11
571,Palmer LLC,Healthcare,Spain,2024-12-06
572,"Lopez, Butler and Quinn",Technology,Colombia,2025-02-17
573,Norris-Gibson,Healthcare,Germany,2024-12-30
574,Haas-Robinson,Education,Turkey,2024-11-01
575,Meza Inc,Healthcare,Turkey,2025-01-01
576,Reyes-Aguilar,Technology,South Africa,2025-02-03
577,"Rodriguez, May and Frederick",Finance,Venezuela,2025-01-26
578,"Rose, Turner and Rice",Education,Colombia,2024-12-26
579,Montoya Group,Healthcare,South Africa,2024-09-12
580,"Mcmahon, Thomas and Gross",Finance,Italy,2025-02-25
581,"Tanner, Burns and Anderson",Finance,Turkey,2024-09-19
582,Guerra-Michael,Technology,United Kingdom,2024-09-14
583,Adams Group,Finance,United Kingdom,2025-02-22
584,Hatfield Ltd,Education,United Kingdom,2024-09-28
585,"Boone, Ramos and Smith",Technology,France,2024-10-25
586,"Nelson, Richardson and Fleming",Education,Portugal,2024-09-22
587,"Ramsey, Burnett and Hill",Technology,Greece,2024-10-16
588,Sullivan-Fox,Finance,Kenya,2024-11-16
589,"Smith, Kane and Mullen",Technology,Mexico,2025-02-25
590,Cruz-Greer,Finance,Italy,2024-12-26
591,Winters-Delgado,Technology,Bolivia,2024-11-04
592,Murray Ltd,Finance,India,2025-01-16
593,"Shannon, Acosta and Conway",Finance,Uruguay,2024-10-25
594,Mcfarland-Prince,Healthcare,Italy,2025-03-08
595,Brown-Perry,Finance,Uruguay,2025-03-11
596,Adams Inc,Healthcare,South Africa,2025-02-05
597,Scott-Wiley,Healthcare,France,2024-09-20
598,Smith and Sons,Finance,Greece,2025-01-28
599,Parker and Sons,Finance,Italy,2024-11-11
600,Carter LLC,Healthcare,Greece,2024-11-26
601,Robbins Ltd,Education,Paraguay,2024-11-25
602,"Hopkins, Williams and King",Healthcare,Brazil,2024-09-05
603,Green-Lee,Healthcare,Ecuador,2024-11-18
604,"Roberts, Hodge and Ward",Technology,Nigeria,2024-10-05
605,Thompson Group,Education,Brazil,2025-02-07
606,"Ramirez, Garcia and Mccoy",Healthcare,India,2025-02-26
607,Davis LLC,Healthcare,United States,2024-10-12
608,Webb Group,Education,Germany,2025-02-05
609,"Andrews, Kelley and Martin",Healthcare,India,2024-10-12
610,"Harris, Montgomery and Martin",Healthcare,Turkey,2024-11-17
611,Edwards-Nichols,Technology,Portugal,2024-12-15
612,Palmer-Castillo,Finance,Chile,2024-10-31
613,Howard-Ray,Technology,Chile,2025-02-20
614,"Richardson, Hall and Pearson",Technology,Peru,2024-09-10
615,Williams Group,Education,Brazil,2025-01-04
616,Mendoza-Vasquez,Finance,France,2025-02-24
617,Miller-Jacobs,Finance,Chile,2025-01-19
618,Mcdonald Group,Technology,Greece,2024-10-16
619,"Thomas, Bennett and Cooper",Education,Greece,2024-11-12
620,"Johnson, Dorsey and Hammond",Healthcare,Portugal,2024-09-24
621,"Washington, Foster and Trevino",Finance,Peru,2024-09-21
622,"Schmidt, Wilson and Sanchez",Education,Uruguay,2024-12-29
623,Davidson-Howard,Healthcare,Kenya,2024-09-23
624,Le-Pierce,Technology,United States,2025-01-21
625,Jensen-Schneider,Finance,Greece,2024-11-03
626,Lester LLC,Education,Uruguay,2024-11-29
627,"Williams, Miller and Anthony",Education,Paraguay,2025-03-06
628,Hendrix and Sons,Technology,Uruguay,2025-02-06
629,Miranda-Smith,Technology,Portugal,2024-11-01
630,Salinas-Jensen,Healthcare,Italy,2024-12-26
631,Padilla-Parker,Finance,South Africa,2025-02-15
632,Beard-Dougherty,Healthcare,France,2025-01-12
633,Peterson and Sons,Technology,India,2024-11-08
634,Hanson Group,Education,South Africa,2024-09-19
635,"Nelson, Davenport and Richmond",Finance,Spain,2024-09-18
636,"Harrison, Newman and Rogers",Technology,Nigeria,2025-01-30
637,"Maxwell, Robertson and Smith",Finance,Spain,2024-11-01
638,"Roy, Farrell and Giles",Technology,Venezuela,2025-02-18
639,Lopez-Fletcher,Finance,Mexico,2025-01-14
640,Garcia Ltd,Technology,Bolivia,2024-10-03
641,Olsen-Robertson,Education,Argentina,2025-01-28
642,King Ltd,Healthcare,India,2025-01-15
643,Smith-Oconnor,Education,United Kingdom,2025-02-01
644,Sims PLC,Education,Kenya,2024-10-03
645,Carter Inc,Technology,South Africa,2024-11-30
646,Mendoza-Garner,Healthcare,Germany,2024-09-20
647,Harris Inc,Education,Venezuela,2024-10-18
648,Sharp LLC,Finance,United States,2024-12-02
649,Keith Ltd,Finance,Greece,2025-02-14
650,"Harris, Hicks and Horton",Education,South Africa,2024-10-08
651,Miller-Aguirre,Education,Nigeria,2024-10-10
652,"Williamson, Franklin and Bennett",Finance,Portugal,2024-10-01
653,Duncan PLC,Healthcare,Italy,2025-02-20
654,May Ltd,Technology,France,2024-09-12
655,Armstrong-Solis,Finance,Spain,2024-10-22
656,Phillips LLC,Education,Mexico,2024-12-09
657,Henderson Inc,Education,Turkey,2025-01-17
658,Drake-Anderson,Technology,Colombia,2024-11-03
659,"Young, Johnston and Flynn",Finance,Italy,2024-10-10
660,Wagner-Clarke,Education,South Africa,2024-11-19
661,Williamson LLC,Education,Peru,2024-11-29
662,Reyes LLC,Technology,Paraguay,2024-09-19
663,Phillips-Malone,Finance,Turkey,2024-09-22
664,Miller Inc,Technology,Peru,2024-09-06
665,Cannon LLC,Technology,Paraguay,2024-12-27
666,Willis Ltd,Healthcare,Colombia,2024-09-04
667,"Nolan, Freeman and Pham",Education,Spain,2024-09-10
668,Briggs-Young,Finance,Mexico,2025-01-17
669,Campbell-Foster,Technology,Spain,2025-02-01
670,"Fox, Wright and Shepherd",Education,Bolivia,2025-02-06
671,Gibbs LLC,Healthcare,Nigeria,2025-01-20
672,"Mack, Fisher and Perry",Technology,Spain,2024-10-29
673,Patel and Sons,Finance,Ecuador,2024-09-10
674,"Moran, Martin and Cox",Technology,Mexico,2024-10-13
675,Murray-Wood,Education,Ecuador,2024-09-17
676,Young-Dean,Healthcare,Peru,2024-10-11
677,"Drake, Torres and Wallace",Healthcare,Germany,2024-10-17
678,"Singh, Green and Brown",Education,Uruguay,2024-12-25
679,Johnson-Roy,Finance,Paraguay,2024-11-20
680,Torres-Rojas,Healthcare,Greece,2024-09-15
681,Smith-Sellers,Education,France,2025-02-01
682,"Davis, Vargas and Maldonado",Education,Germany,2024-10-13
683,"Hebert, Ruiz and Miller",Healthcare,India,2024-11-23
684,"Coleman, Patterson and Taylor",Education,United States,2024-10-22
685,Robinson-Cain,Education,Argentina,2024-11-16
686,"Alvarez, Lee and Owens",Healthcare,Bolivia,2024-10-20
687,Nicholson-Fernandez,Education,South Africa,2024-09-16
688,"Sosa, Wolfe and Mcgrath",Finance,Uruguay,2025-01-21
689,Herrera-Brown,Healthcare,Spain,2024-12-31
690,Clay Group,Finance,Germany,2025-01-31
691,"Johnson, Chavez and Rose",Education,France,2024-09-07
692,Hawkins-Edwards,Healthcare,Kenya,2024-11-07
693,Warren and Sons,Technology,Kenya,2025-02-06
694,Hays PLC,Healthcare,Italy,2024-10-05
695,"Garcia, Fletcher and Daniels",Technology,South Africa,2024-11-13
696,"Boyd, Davies and Martinez",Finance,United Kingdom,2024-11-15
697,"Summers, Norton and Torres",Technology,Colombia,2024-12-17
698,"Browning, Warren and Reynolds",Healthcare,Spain,2025-02-01
699,"Hammond, Sanders and Cooper",Education,Bolivia,2024-10-30
700,"Holmes, Rodriguez and Rodriguez",Finance,Portugal,2024-10-07
701,Pope-Bean,Finance,France,2024-10-03
702,Cook-Davis,Technology,Germany,2024-12-03
703,"Andrews, Saunders and White",Finance,United States,2025-01-08
704,"Reyes, Ochoa and Wood",Technology,Ecuador,2025-01-30
705,Mitchell Ltd,Education,Colombia,2024-09-26
706,Johnson PLC,Education,Uruguay,2024-09-30
707,Gutierrez and Sons,Education,Colombia,2024-11-15
708,Cuevas Group,Healthcare,France,2024-12-31
709,Garrison-Freeman,Healthcare,Italy,2024-09-05
710,Dickson Inc,Healthcare,Chile,2024-12-13
711,"Randolph, Jenkins and Armstrong",Finance,Germany,2024-10-01
712,Lopez Ltd,Healthcare,Spain,2025-01-17
713,Neal LLC,Finance,Italy,2025-01-21
714,Shields LLC,Education,Kenya,2024-09-20
715,"Farley, Lawrence and Ramirez",Technology,India,2024-10-05
716,Collier Group,Education,Colombia,2025-02-01
717,Davis and Sons,Healthcare,Mexico,2025-01-22
718,Williams-Hunter,Technology,Turkey,2024-11-16
719,Wood PLC,Technology,United Kingdom,2025-01-04
720,Carr Group,Education,Portugal,2024-10-26
721,Wilson Inc,Education,Paraguay,2025-05-08
722,Guerrero-Young,Healthcare,Chile,2025-09-18
723,"Morgan, Shelton and Johnson",Education,Venezuela,2025-06-11
724,"Burns, Phillips and Rivera",Technology,Uruguay,2025-07-17
725,Savage Inc,Technology,Venezuela,2025-07-03
726,Price Group,Technology,Chile,2025-07-31
727,Hill-Nunez,Education,Peru,2025-08-12
728,Duffy PLC,Finance,Colombia,2025-06-02
729,Miller and Sons,Education,United States,2025-08-26
730,"Anderson, Diaz and Warner",Healthcare,Mexico,2025-04-05
731,Powell-Bennett,Finance,Spain,2025-08-20
732,Brooks Inc,Education,Bolivia,2025-09-27
733,James-Beasley,Healthcare,United Kingdom,2025-07-06
734,Carey-Frazier,Education,Germany,2025-07-02
735,Merritt-Mclaughlin,Healthcare,Turkey,2025-07-06
736,"Edwards, Rios and Bell",Finance,Uruguay,2025-09-15
737,Lyons-Ramirez,Healthcare,Greece,2025-09-21
738,"Maxwell, Boyd and Robles",Healthcare,Ecuador,2025-07-16
739,Lewis-Austin,Finance,Argentina,2025-07-03
740,Bird Inc,Healthcare,Paraguay,2025-06-21
741,Wood and Sons,Finance,United States,2025-07-04
742,"Perez, Lee and Parrish",Education,Peru,2025-04-29
743,Perez Group,Technology,Bolivia,2025-03-30
744,Johnson Group,Education,Brazil,2025-09-16
745,Wright Group,Finance,Bolivia,2025-07-08
746,Rogers Inc,Finance,Uruguay,2025-08-14
747,"Wright, Figueroa and Werner",Education,Portugal,2025-06-28
748,Chandler-Miller,Finance,Brazil,2025-05-10
749,Simmons-Young,Finance,Ecuador,2025-07-19
750,"Carter, Morse and Ware",Technology,France,2025-03-30
751,"Johnson, Turner and Smith",Finance,Venezuela,2025-04-13
752,Anderson-Stevens,Healthcare,Colombia,2025-09-21
753,Davis Inc,Technology,Nigeria,2025-09-06
754,Price LLC,Technology,Portugal,2025-06-14
755,Stewart Ltd,Finance,Argentina,2025-06-27
756,Nelson-Powell,Technology,Mexico,2025-08-14
757,Hall-Mejia,Finance,South Africa,2025-08-22
758,"Stone, Poole and King",Technology,United States,2025-06-19
759,Ray-Johnson,Education,Ecuador,2025-09-11
760,Dean Ltd,Technology,Nigeria,2025-06-06
761,Leonard-Morris,Healthcare,Italy,2025-08-22
762,Brock-Smith,Education,Mexico,2025-06-21
763,Jones PLC,Technology,Spain,2025-06-07
764,Hart-Mitchell,Healthcare,Nigeria,2025-08-22
765,Bradley-Walter,Technology,Kenya,2025-07-06
766,"Barnett, Harvey and Hodges",Healthcare,United Kingdom,2025-05-19
767,Butler Ltd,Education,Paraguay,2025-05-03
768,Tucker-Hicks,Education,United States,2025-09-08
769,"Campos, Sandoval and Sutton",Education,Peru,2025-04-13
770,Ho and Sons,Education,Argentina,2025-08-05
771,Dunlap-Bird,Technology,Nigeria,2025-09-25
772,Underwood PLC,Education,Uruguay,2025-08-22
773,Moody-Pierce,Education,Germany,2025-05-24
774,Garcia-Petty,Healthcare,Mexico,2025-08-31
775,"Daniels, Martinez and Collins",Technology,Italy,2025-04-05
776,Mann-Beck,Finance,South Africa,2025-08-23
777,Santos Ltd,Education,South Africa,2025-04-11
778,"Ward, Silva and Fernandez",Technology,Peru,2025-04-15
779,Burgess and Sons,Healthcare,Peru,2025-08-14
780,"Owens, Garrett and Hodges",Finance,Argentina,2025-06-08
781,Cameron-Powell,Technology,Paraguay,2025-07-27
782,Petty-Mitchell,Technology,Turkey,2025-04-04
783,Fitzgerald Inc,Technology,Spain,2025-05-16
784,Monroe-Wagner,Finance,Chile,2025-09-12
785,"Richardson, Robinson and Bradford",Technology,Uruguay,2025-07-21
786,"Jimenez, Johnson and Brown",Healthcare,Italy,2025-08-09
787,"Hurley, Gardner and Thompson",Education,Italy,2025-07-31
788,Stanley-Ross,Finance,India,2025-08-25
789,"May, Castro and Lewis",Education,Germany,2025-07-25
790,"Gamble, Hernandez and George",Technology,Bolivia,2025-06-28
791,Knight and Sons,Finance,Uruguay,2025-05-21
792,Duke LLC,Healthcare,Germany,2025-05-17
793,Martin-Craig,Education,Portugal,2025-09-28
794,"Berg, Bailey and Henderson",Finance,Germany,2025-04-29
795,"Howard, Bell and Norris",Healthcare,United Kingdom,2025-06-25
796,Tran Inc,Education,Mexico,2025-05-10
797,Anderson Inc,Healthcare,Greece,2025-09-16
798,Underwood-Edwards,Finance,Chile,2025-05-18
799,"Cordova, Kim and Hall",Technology,United States,2025-05-07
800,Page Ltd,Healthcare,Portugal,2025-07-14
801,Holmes and Sons,Technology,India,2025-08-22
802,"Miller, Fleming and Jones",Technology,France,2025-07-26
803,Hall-Walters,Finance,Italy,2025-08-30
804,"Mccarthy, Baker and Miller",Finance,Italy,2025-09-07
805,"Smith, Moore and Robinson",Technology,Peru,2025-07-04
806,Jones-Turner,Technology,India,2025-08-02
807,Moore and Sons,Technology,India,2025-07-08
808,Sutton-Gomez,Education,Uruguay,2025-05-11
809,Taylor-Rodriguez,Education,Germany,2025-09-12
810,Hurst-Costa,Healthcare,Brazil,2025-07-14
811,Hines Inc,Education,Mexico,2025-04-25
812,Smith-Jackson,Education,Ecuador,2025-06-25
813,Kim-Williams,Technology,Portugal,2025-06-03
814,Rodriguez-Campbell,Finance,Colombia,2025-09-22
815,Rivera Inc,Technology,Spain,2025-04-29
816,"Roberts, Hardin and Conley",Finance,Greece,2025-06-03
817,Hodges-King,Finance,Colombia,2025-05-25
818,"Spencer, King and Moore",Healthcare,Uruguay,2025-08-31
819,Allen Group,Finance,Ecuador,2025-04-06
820,Lopez LLC,Technology,Paraguay,2025-06-29
821,Davis-Manning,Healthcare,Germany,2025-04-11
822,Harvey and Sons,Finance,Nigeria,2025-05-14
823,Torres PLC,Finance,Venezuela,2025-05-03
824,Lester-Thomas,Technology,Turkey,2025-06-20
825,"Moore, Washington and Cooke",Education,Portugal,2025-08-31
826,"Arroyo, Kim and Morgan",Finance,Turkey,2025-09-19
827,"Crawford, Wyatt and Hanson",Technology,Venezuela,2025-05-30
828,Garrett-Stewart,Healthcare,Portugal,2025-06-06
829,"Gonzalez, Waters and Martinez",Finance,United Kingdom,2025-08-20
830,"Williams, Melendez and Gray",Education,South Africa,2025-08-30
831,"Quinn, Chavez and Leon",Healthcare,Ecuador,2025-06-26
832,"Lambert, Jones and White",Healthcare,United Kingdom,2025-07-27
833,Spence-Stone,Healthcare,Greece,2025-07-03
834,Powers-Williams,Technology,Kenya,2025-04-18
835,"Lopez, Bishop and Rowland",Technology,Uruguay,2025-07-08
836,"Johnson, White and Rowe",Education,Uruguay,2025-09-03
837,Hobbs Ltd,Technology,Nigeria,2025-07-27
838,Rodriguez-Drake,Healthcare,South Africa,2025-07-30
839,Cain-Robertson,Education,Venezuela,2025-07-28
840,Wheeler Ltd,Finance,United States,2025-08-27
841,Garcia LLC,Finance,Peru,2025-05-23
842,Shea-Lucas,Technology,Portugal,2025-05-23
843,Robertson and Sons,Finance,Peru,2025-06-27
844,Brooks-Fields,Education,Germany,2025-04-29
845,Smith Group,Healthcare,Nigeria,2025-05-24
846,Bailey Inc,Education,Portugal,2025-07-26
847,Johnson-Thompson,Finance,Argentina,2025-08-15
848,Williams Inc,Finance,Colombia,2025-06-03
849,"Rogers, Watts and Molina",Healthcare,Peru,2025-05-11
850,Jones Group,Technology,Chile,2025-04-23
851,Dunn-Vega,Education,Portugal,2025-07-31
852,Reynolds and Sons,Technology,Kenya,2025-08-11
853,"Wong, Salazar and Chan",Healthcare,Greece,2025-04-04
854,Mccullough PLC,Healthcare,France,2025-08-23
855,Bradford-Walker,Finance,Venezuela,2025-07-21
856,"Cook, Diaz and Jones",Education,Uruguay,2025-05-13
857,"Mccall, James and Holmes",Education,Kenya,2025-08-30
858,"Perry, Frederick and Montgomery",Education,Portugal,2025-06-29
859,Mosley-Maldonado,Healthcare,Peru,2025-04-29
860,Carter LLC,Education,Brazil,2025-09-27
861,"Foley, Davenport and Navarro",Technology,India,2025-09-14
862,Harrison-Stewart,Finance,Colombia,2025-05-20
863,Acosta Inc,Education,Mexico,2025-07-06
864,Gibson-Ross,Technology,Venezuela,2025-06-15
865,Moore-Jacobs,Healthcare,Mexico,2025-04-06
866,"Ford, Simmons and Murphy",Education,France,2025-05-31
867,"Rice, Hoffman and Terry",Technology,France,2025-07-21
868,Miller PLC,Healthcare,Argentina,2025-08-05
869,Hoover-Frazier,Technology,Bolivia,2025-09-10
870,Smith-Rodriguez,Education,Kenya,2025-04-09
871,"Gaines, Owen and Little",Finance,United States,2025-04-21
872,Moody Ltd,Healthcare,Ecuador,2025-07-09
873,"Nelson, Bruce and Luna",Healthcare,Ecuador,2025-04-16
874,Robertson PLC,Finance,Colombia,2025-07-18
875,Kim-Flores,Education,United States,2025-05-03
876,Sampson-Burton,Technology,Mexico,2025-04-16
877,Johnson Group,Finance,Paraguay,2025-04-07
878,"Bean, Yates and Lawrence",Finance,Italy,2025-08-30
879,Bautista Ltd,Education,Portugal,2025-07-31
880,Salinas Inc,Finance,Greece,2025-06-01
881,"Stone, Smith and Johnson",Healthcare,Portugal,2025-08-14
882,Miller-Garcia,Technology,Ecuador,2025-05-01
883,Lee Inc,Finance,Mexico,2025-04-01
884,Barnes-Tucker,Technology,Peru,2025-08-21
885,Johnson LLC,Technology,Bolivia,2025-07-13
886,Fletcher-Castillo,Education,Kenya,2025-04-02
887,"Smith, Myers and Lozano",Finance,United Kingdom,2025-08-31
888,Massey-Shea,Technology,Kenya,2025-06-24
889,Hall-Craig,Finance,Argentina,2025-07-14
890,Collier-Landry,Finance,Turkey,2025-08-07
891,Hubbard Ltd,Finance,Greece,2025-07-09
892,"Farrell, Mullins and Gray",Education,United States,2025-03-30
893,Zimmerman-Wilson,Finance,Germany,2025-09-09
894,Haynes-Morales,Healthcare,Nigeria,2025-09-12
895,Shields-Gardner,Healthcare,Turkey,2025-09-10
896,"Chapman, Cox and Shepherd",Healthcare,United States,2025-06-27
897,Chambers Group,Education,Mexico,2025-07-17
898,Barron-Davies,Healthcare,Germany,2025-06-25
899,Pitts and Sons,Education,Bolivia,2025-04-19
900,"Mccullough, Carpenter and Miles",Finance,Spain,2025-05-25
901,Mcconnell PLC,Finance,Argentina,2025-07-24
902,Wright LLC,Finance,Peru,2025-09-29
903,Carter-Carpenter,Education,Paraguay,2025-05-04
904,Vance-Dawson,Technology,Brazil,2025-06-13
905,"Smith, White and Stewart",Education,India,2025-08-23
906,"Sanchez, Sanford and Flores",Finance,South Africa,2025-06-18
907,"Barry, Daniels and Holland",Technology,Ecuador,2025-07-18
908,"Hammond, Coleman and Gonzalez",Healthcare,Brazil,2025-08-19
909,Perry Inc,Healthcare,India,2025-08-05
910,"Roth, Swanson and Carson",Technology,Uruguay,2025-04-27
911,"Hicks, Kennedy and Cortez",Finance,Mexico,2025-08-16
912,Thomas-Melton,Healthcare,Nigeria,2025-07-29
913,Miller Ltd,Finance,Greece,2025-07-09
914,"Wallace, Wilkins and Garcia",Healthcare,India,2025-09-25
915,"Sweeney, Stone and Graham",Education,France,2025-06-09
916,Lopez PLC,Finance,South Africa,2025-09-08
917,Williams LLC,Finance,Italy,2025-05-04
918,Russell-Rodriguez,Finance,Kenya,2025-06-30
919,"Burton, Larsen and Brown",Healthcare,Portugal,2025-04-09
920,Johnson and Sons,Finance,France,2025-06-20
921,Anderson PLC,Technology,Germany,2025-08-27
922,"Lawson, Jordan and Juarez",Technology,Brazil,2025-07-20
923,"Smith, Sanchez and Carter",Finance,Chile,2025-08-24
924,Leonard Group,Finance,India,2025-09-16
925,"Jones, Bruce and Lewis",Technology,Greece,2025-04-11
926,Anderson-Jones,Technology,Venezuela,2025-06-08
927,Rosario-Montgomery,Finance,Venezuela,2025-07-04
928,"Williams, Bolton and Robinson",Healthcare,United Kingdom,2025-06-25
929,Manning-Bartlett,Technology,United Kingdom,2025-04-13
930,Patton-Buchanan,Technology,Turkey,2025-09-25
931,Bowen Inc,Education,Ecuador,2025-05-11
932,Townsend PLC,Finance,Paraguay,2025-07-02
933,Bernard Inc,Finance,India,2025-05-01
934,"Gilbert, Ward and Wright",Technology,Chile,2025-08-26
935,"Rivera, Gonzalez and Harris",Technology,United States,2025-08-16
936,"Lee, Hatfield and Morgan",Technology,India,2025-05-08
937,"Peters, Jones and Kim",Finance,Germany,2025-04-08
938,Bray-Rose,Technology,Uruguay,2025-08-13
939,"Peterson, Butler and Frazier",Healthcare,Peru,2025-05-08
940,"Leon, Mahoney and Hogan",Education,Venezuela,2025-06-28
941,Garrison-Daniel,Healthcare,Chile,2025-09-05
942,White-King,Education,Turkey,2025-07-20
943,Huang Ltd,Finance,Argentina,2025-08-13
944,Aguilar-Jacobs,Healthcare,Bolivia,2025-08-17
945,"Russell, Wong and Sanchez",Finance,Mexico,2025-09-13
946,Calhoun LLC,Technology,Kenya,2025-05-24
947,Jones-Hunter,Finance,France,2025-04-16
948,Miller and Sons,Technology,Portugal,2025-05-28
949,Johnson LLC,Healthcare,Nigeria,2025-04-23
950,"Hall, Bauer and Reyes",Healthcare,Chile,2025-04-19
951,Mercado-Sims,Finance,Spain,2025-09-09
952,Buckley Inc,Healthcare,United Kingdom,2025-06-24
953,"Shah, Smith and Lucas",Healthcare,Italy,2025-04-10
954,Weeks-Wood,Technology,Colombia,2025-09-15
955,"Carrillo, Arnold and Stewart",Education,Argentina,2025-08-12
956,Sims PLC,Healthcare,Turkey,2025-04-26
957,"Murphy, Cortez and Morris",Finance,Portugal,2025-08-13
958,"Williamson, Trevino and Stein",Finance,Italy,2025-05-07
959,Alexander and Sons,Technology,Portugal,2025-08-21
960,Tran LLC,Healthcare,Turkey,2025-06-13
961,"Diaz, Butler and Morrison",Technology,Nigeria,2025-07-30
962,Ramos-Jackson,Education,Bolivia,2025-08-13
963,Campbell LLC,Finance,Mexico,2025-09-08
964,Clarke Inc,Finance,Mexico,2025-05-18
965,Brandt-Aguilar,Technology,Greece,2025-05-07
966,"Haynes, Williams and Wong",Finance,Italy,2025-04-19
967,Allison-Berry,Healthcare,Greece,2025-04-30
968,"Rodriguez, Thomas and Rose",Healthcare,Chile,2025-07-19
969,Mcdaniel-Lang,Technology,Venezuela,2025-08-30
970,Barrett-Garcia,Education,United Kingdom,2025-04-03
971,Vincent-Villarreal,Technology,Spain,2025-07-09
972,Suarez PLC,Education,United States,2025-04-03
973,White-Cortez,Finance,France,2025-05-02
974,Morris-Allen,Technology,Greece,2025-05-09
975,Watson LLC,Finance,Ecuador,2025-04-03
976,"Woods, Gonzales and Hernandez",Finance,Italy,2025-06-21
977,Pena Inc,Technology,United States,2025-08-17
978,Brown LLC,Education,United Kingdom,2025-07-05
979,Jones Group,Finance,Greece,2025-04-21
980,"Vasquez, Padilla and Oliver",Finance,Chile,2025-07-24
981,Navarro-Hernandez,Technology,Ecuador,2025-05-19
982,"Arroyo, Gomez and Deleon",Finance,Colombia,2025-09-06
983,Gardner PLC,Technology,Mexico,2025-04-28
984,"Hudson, Summers and Conley",Technology,Portugal,2025-08-25
985,Maxwell-Miller,Finance,Chile,2025-08-11
986,Davis Inc,Education,Paraguay,2025-07-16
987,"Johnson, Carlson and Cuevas",Technology,Greece,2025-05-14
988,Green and Sons,Healthcare,United States,2025-06-16
989,Jackson-Harper,Technology,France,2025-06-06
990,Adams Ltd,Finance,Peru,2025-07-27
991,Smith Group,Healthcare,Chile,2025-05-20
992,Norris Inc,Finance,South Africa,2025-06-17
993,"Barnett, Rowe and Park",Technology,United Kingdom,2025-05-09
994,Gray-Payne,Healthcare,Venezuela,2025-09-29
995,Walton-Rodriguez,Finance,Brazil,2025-07-04
996,"Wilson, Wilkins and Baker",Technology,Mexico,2025-07-17
997,Powell Inc,Technology,Venezuela,2025-07-11
998,Benjamin Ltd,Education,Spain,2025-06-06
999,"Cook, Hernandez and Scott",Education,France,2025-09-19
1000,"Rodriguez, Jones and Foley",Education,Bolivia,2025-07-02
1001,Dalton-Diaz,Education,South Africa,2025-08-16
1002,Young-Carroll,Healthcare,Venezuela,2025-05-01
1003,"Dillon, Edwards and Williams",Finance,India,2025-05-16
1004,Cherry Group,Education,Brazil,2025-08-26
1005,"Gentry, Hodge and Clark",Healthcare,Peru,2025-07-18
1006,"Chen, Garcia and Peterson",Healthcare,Portugal,2025-04-27
1007,Lewis Ltd,Finance,Italy,2025-05-22
1008,Obrien-Snyder,Finance,Germany,2025-06-29
1009,Hanson-Lindsey,Finance,Bolivia,2025-07-23
1010,Peterson-Davis,Finance,Uruguay,2025-07-01
1011,Davis Ltd,Technology,Turkey,2025-09-21
1012,Chavez-Meyer,Finance,Peru,2025-09-11
1013,"Houston, Ellis and Gibson",Finance,India,2025-06-18
1014,"Thomas, Medina and Dougherty",Healthcare,Ecuador,2025-07-11
1015,Carr and Sons,Finance,India,2025-09-06
1016,"Lewis, Matthews and Cook",Education,Spain,2025-08-25
1017,Petty-Hernandez,Technology,Venezuela,2025-05-20
1018,"Rodgers, Dean and Murphy",Healthcare,Colombia,2025-04-17
1019,Daugherty-Greene,Technology,Brazil,2025-06-22
1020,"Pittman, Cox and Martinez",Technology,Germany,2025-09-25
1021,Riggs-Kelly,Finance,Portugal,2025-05-14
1022,Graves Ltd,Finance,Uruguay,2025-05-15
1023,Boyle and Sons,Finance,Nigeria,2025-04-20
1024,Wilson-Collier,Finance,Paraguay,2025-04-05
1025,Pitts LLC,Education,Bolivia,2025-09-11
1026,Greene PLC,Finance,Spain,2025-08-13
1027,"Dixon, Becker and Cortez",Technology,Colombia,2025-08-07
1028,Smith Ltd,Education,Spain,2025-08-16
1029,Mann Ltd,Finance,India,2025-08-21
1030,Hancock Inc,Healthcare,United States,2025-07-19
1031,"Jackson, Mcgrath and Walker",Healthcare,Ecuador,2025-06-22
1032,"Raymond, Kirby and Sanders",Finance,Chile,2025-09-19
1033,Robinson-Cochran,Technology,Ecuador,2025-07-14
1034,Gomez Ltd,Technology,Ecuador,2025-04-02
1035,Schneider-Walker,Healthcare,Paraguay,2025-08-06
1036,Foster Ltd,Healthcare,Uruguay,2025-05-22
1037,Sanchez Ltd,Healthcare,South Africa,2025-06-11
1038,Freeman Group,Healthcare,South Africa,2025-03-30
1039,Hess-Meyer,Finance,Germany,2025-05-12
1040,Simmons LLC,Finance,Spain,2025-06-30
1041,Wright-Glenn,Education,Bolivia,2025-06-23
1042,Hood Inc,Finance,Portugal,2025-04-12
1043,Kelly PLC,Education,Spain,2025-05-15
1044,Edwards LLC,Finance,Portugal,2025-06-27
1045,"Whitaker, Miller and Koch",Finance,India,2025-07-16
1046,"Oliver, Graves and Erickson",Healthcare,United Kingdom,2025-05-25
1047,Baldwin-Patterson,Education,Kenya,2025-06-15
1048,"Simpson, Lester and Melton",Healthcare,India,2025-08-08
1049,Thompson PLC,Finance,Greece,2025-05-16
1050,Kramer-Jones,Finance,Greece,2025-05-05
1051,"Smith, Sullivan and Noble",Education,Uruguay,2025-08-23
1052,Thornton and Sons,Education,Brazil,2025-05-07
1053,Sanders Ltd,Healthcare,Greece,2025-06-11
1054,Hall Ltd,Finance,Kenya,2025-08-26
1055,Castillo-Carter,Finance,Brazil,2025-05-12
1056,Smith Group,Technology,Italy,2025-08-19
1057,Hernandez-Neal,Education,Italy,2025-06-12
1058,Sanders-Miller,Finance,Venezuela,2025-08-22
1059,Buck Group,Healthcare,Colombia,2025-05-11
1060,Thomas-Pena,Healthcare,Bolivia,2025-06-29
1061,Lucas-Zhang,Finance,Spain,2025-06-11
1062,"Ortega, Gates and Lang",Healthcare,Paraguay,2025-09-17
1063,Fuller-Camacho,Finance,Ecuador,2025-09-04
1064,Myers-Lee,Technology,Uruguay,2025-07-14
1065,"Johnson, Lara and Patel",Healthcare,Greece,2025-09-26
1066,Mann Group,Finance,Peru,2025-05-13
1067,Duncan Ltd,Finance,Colombia,2025-05-01
1068,Gould Group,Education,France,2025-04-25
1069,"Mcneil, Pittman and Cervantes",Healthcare,Brazil,2025-05-31
1070,Foster Group,Technology,United Kingdom,2025-09-19
1071,Smith LLC,Healthcare,France,2025-05-30
1072,"Barrera, Harris and Miller",Healthcare,India,2025-08-22
1073,Williamson-Bryant,Healthcare,Chile,2025-08-06
1074,Francis-Berg,Technology,Mexico,2025-07-13
1075,Mann-Wagner,Healthcare,Ecuador,2025-04-25
1076,Nelson-Martin,Technology,Turkey,2025-05-12
1077,Stone and Sons,Technology,Turkey,2025-07-17
1078,Hogan-Hull,Technology,Germany,2025-07-17
1079,Blake-Hill,Finance,South Africa,2025-07-29
1080,Owens Group,Healthcare,United Kingdom,2025-06-13
1081,Roberts-Walton,Education,Greece,2025-08-31
1082,Roberts LLC,Technology,Bolivia,2025-08-09
1083,Travis-Jackson,Finance,Spain,2025-08-06
1084,"Bush, Garcia and Kennedy",Education,Nigeria,2025-04-04
1085,"Barnes, Chambers and Buckley",Technology,Greece,2025-06-21
1086,Daniels Ltd,Education,France,2025-09-01
1087,"Vasquez, Baker and Clayton",Finance,South Africa,2025-07-04
1088,"Page, Giles and Harvey",Education,Greece,2025-08-29
1089,Garza Inc,Healthcare,France,2025-06-03
1090,Guerrero-Robertson,Healthcare,Turkey,2025-04-04
1091,Ortiz and Sons,Technology,Brazil,2025-09-04
1092,Buchanan PLC,Finance,Germany,2025-06-01
1093,Williams PLC,Technology,India,2025-08-25
1094,"Flores, Ball and Elliott",Technology,Peru,2025-09-15
1095,"Middleton, Allen and Blevins",Technology,United Kingdom,2025-07-26
1096,Carlson-Cochran,Education,United States,2025-07-12
1097,"Mccoy, Klein and Clark",Finance,Germany,2025-04-30
1098,"Carroll, Perkins and Sullivan",Technology,United Kingdom,2025-09-07
1099,Johnston-Love,Education,Turkey,2025-09-02
1100,Graham-Thomas,Education,Greece,2025-06-28
1101,White-Sullivan,Finance,Ecuador,2025-07-20
1102,Gonzalez LLC,Finance,Venezuela,2025-06-07
1103,Mitchell LLC,Finance,Mexico,2025-05-12
1104,"Evans, Bryant and Lopez",Finance,South Africa,2025-09-08
1105,Terry-Williams,Finance,Germany,2025-08-12
1106,Smith-Oconnell,Finance,Venezuela,2025-07-03
1107,"Johnson, Parker and Price",Finance,Brazil,2025-05-01
1108,Butler Ltd,Healthcare,India,2025-07-10
1109,"Ellison, Alexander and Roberson",Finance,Chile,2025-04-22
1110,"Davis, Hernandez and Hicks",Healthcare,Venezuela,2025-04-27
1111,Hernandez LLC,Technology,Uruguay,2025-09-24
1112,Edwards-Sanders,Healthcare,Turkey,2025-05-16
1113,"Martinez, Oconnell and Meyers",Finance,France,2025-05-19
1114,Bryant Ltd,Technology,Spain,2025-05-21
1115,"Mays, Moreno and Jones",Technology,France,2025-05-19
1116,"Gonzalez, Liu and Graham",Healthcare,Ecuador,2025-06-24
1117,Carpenter-Palmer,Technology,Paraguay,2025-04-05
1118,Foster-Fowler,Finance,Germany,2025-08-22
1119,Moore-Brown,Finance,Venezuela,2025-06-06
1120,Harrison Inc,Education,Turkey,2025-06-13
1121,Watkins-Johnson,Healthcare,Argentina,2025-05-03
1122,"Thompson, Hamilton and Rice",Education,United Kingdom,2025-05-01
1123,"Carroll, Ramirez and Myers",Healthcare,Chile,2025-06-30
1124,"Garcia, Smith and Cooke",Technology,Portugal,2025-04-02
1125,"Jones, Potts and Bell",Finance,Chile,2025-07-25
1126,Ellis-Christensen,Finance,Ecuador,2025-09-14
1127,"Jennings, Lindsey and Benjamin",Education,Greece,2025-05-31
1128,Douglas Inc,Education,Nigeria,2025-07-21
1129,Woods-Rogers,Education,Spain,2025-07-24
1130,"Martinez, Fernandez and Rodriguez",Education,Germany,2025-05-02
1131,"Santana, Gonzalez and Riley",Education,Chile,2025-05-28
1132,Brown-Jones,Finance,Germany,2025-06-29
1133,"Galvan, Nichols and Young",Technology,United Kingdom,2025-08-06
1134,"Hess, Dixon and Thornton",Finance,South Africa,2025-08-25
1135,"Travis, Mullins and Woods",Healthcare,Germany,2025-04-07
1136,Parker-Johnson,Healthcare,Portugal,2025-05-26
1137,Winters-Lopez,Technology,Germany,2025-08-13
1138,Franco-Dominguez,Technology,Greece,2025-04-07
1139,"Dougherty, Powers and Sutton",Technology,Nigeria,2025-07-26
1140,Crane-Lewis,Finance,Argentina,2025-04-24
1141,Salinas and Sons,Finance,Chile,2025-04-04
1142,"Cooke, Valdez and Martinez",Technology,Portugal,2025-04-27
1143,Douglas Group,Healthcare,Peru,2025-07-23
1144,Boyd-Brennan,Technology,Turkey,2025-05-18
1145,Davis-Douglas,Education,United Kingdom,2025-08-01
1146,Martin Group,Education,Nigeria,2025-08-18
1147,Blackburn-Gordon,Technology,Turkey,2025-06-09
1148,"Barker, Hester and Moore",Technology,Brazil,2025-08-25
1149,Wheeler Inc,Healthcare,Uruguay,2025-04-16
1150,Dillon-Park,Education,Colombia,2025-09-16
1151,James Inc,Education,Brazil,2025-08-15
1152,"Freeman, Robbins and Stewart",Healthcare,Brazil,2025-09-07
1153,Jordan-Young,Finance,Argentina,2025-08-27
1154,Richardson LLC,Finance,Germany,2025-06-11
1155,Robinson Group,Education,Greece,2025-05-21
1156,"Martinez, Hayes and Thompson",Education,Spain,2025-07-27
1157,Holmes-Ware,Technology,France,2025-07-10
1158,Zimmerman LLC,Healthcare,Mexico,2025-06-21
1159,Humphrey LLC,Finance,Greece,2025-09-30
1160,Miller-Savage,Technology,United States,2025-09-09
1161,"Vasquez, Rivera and Coleman",Technology,Venezuela,2025-08-06
1162,"Mccoy, Hughes and Charles",Education,Bolivia,2025-06-27
1163,Rodriguez-Mcgee,Finance,Chile,2025-08-29
1164,Lynch Group,Healthcare,United States,2025-09-03
1165,"Brewer, Griffin and Hart",Technology,Peru,2025-05-13
1166,Williams-Leon,Finance,United Kingdom,2025-05-15
1167,Miller-Schwartz,Technology,India,2025-08-02
1168,"Koch, Yoder and Hammond",Technology,Argentina,2025-04-17
1169,Jones-Burnett,Education,Turkey,2025-07-21
1170,"Murphy, Taylor and Davis",Technology,India,2025-08-07
1171,Peterson PLC,Technology,Ecuador,2025-08-02
1172,Powell Inc,Healthcare,Venezuela,2025-04-12
1173,Smith LLC,Technology,Venezuela,2025-07-22
1174,Lewis-Levy,Education,Bolivia,2025-07-17
1175,Stephens and Sons,Finance,Mexico,2025-05-02
1176,Ellison LLC,Healthcare,Peru,2025-04-10
1177,Carlson Group,Healthcare,Nigeria,2025-08-27
1178,Hayes-Johnson,Finance,Peru,2025-09-21
1179,Rogers-Davis,Technology,Mexico,2025-06-14
1180,"Lewis, Best and Stewart",Healthcare,Spain,2025-04-23
1181,Herrera-Hunter,Finance,Mexico,2025-09-03
1182,"Martinez, Young and Hobbs",Education,Mexico,2025-06-26
1183,Dunn-Elliott,Finance,Peru,2025-08-20
1184,"Murphy, Shepherd and Johnson",Education,Uruguay,2025-04-16
1185,"Frederick, Wiggins and Lam",Technology,Colombia,2025-09-20
1186,Fowler LLC,Healthcare,Venezuela,2025-07-09
1187,"Anderson, Underwood and Mcpherson",Finance,United Kingdom,2025-04-28
1188,"Green, Bender and Mcdonald",Healthcare,Mexico,2025-07-18
1189,"Baker, Gibson and Esparza",Healthcare,Venezuela,2025-05-28
1190,Bond-Porter,Technology,Mexico,2025-05-26
1191,Garcia-Lee,Education,Chile,2025-08-27
1192,"Shelton, Garrett and Daniels",Finance,Ecuador,2025-04-29
1193,Meyers-Long,Education,Ecuador,2025-05-12
1194,Castro Inc,Healthcare,South Africa,2025-08-14
1195,"Scott, Hawkins and Taylor",Education,Portugal,2025-08-05
1196,Adams Inc,Technology,Spain,2025-09-24
1197,Gomez Group,Education,Peru,2025-04-25
1198,Brown-Fowler,Healthcare,Nigeria,2025-06-17
1199,Thompson Group,Education,Greece,2025-04-15
1200,Mcdonald-Mitchell,Healthcare,Colombia,2025-05-09
